{
    "loss": 58.783226013183594,
    "accuracy": 0.5283582210540771
}