{
    "loss": 39.35979461669922,
    "accuracy": 0.5283582210540771
}